"","GO.ID","Term","Annotated","Significant","Expected","Rank in Fisher.classic","Fisher.elim","Fisher.classic","Ont"
"1","GO:1990381","ubiquitin-specific protease binding",20,3,0.21,1,"0.0011","0.0011","MF"
"2","GO:0017169","CDP-alcohol phosphatidyltransferase acti...",6,2,0.06,2,"0.0016","0.0016","MF"
"3","GO:0008420","RNA polymerase II CTD heptapeptide repea...",7,2,0.07,3,"0.0022","0.0022","MF"
"4","GO:0019787","ubiquitin-like protein transferase activ...",397,11,4.12,4,"0.0187","0.0029","MF"
"5","GO:0061665","SUMO ligase activity",9,2,0.09,5,"0.0037","0.0037","MF"
"6","GO:0005515","protein binding",8120,101,84.2,6,"0.0215","0.0052","MF"
"7","GO:0051015","actin filament binding",209,7,2.17,7,"0.0062","0.0062","MF"
"8","GO:0003723","RNA binding",1061,20,11,8,"0.0069","0.0069","MF"
"9","GO:0005272","sodium channel activity",41,3,0.43,9,"0.0087","0.0087","MF"
"10","GO:0070742","C2H2 zinc finger domain binding",15,2,0.16,10,"0.0103","0.0103","MF"
"11","GO:0061659","ubiquitin-like protein ligase activity",292,8,3.03,11,"0.0714","0.0113","MF"
"12","GO:0003743","translation initiation factor activity",46,3,0.48,12,"0.0120","0.0120","MF"
"13","GO:0002020","protease binding",133,5,1.38,13,"0.3204","0.0125","MF"
"14","GO:0003727","single-stranded RNA binding",87,4,0.9,14,"0.0127","0.0127","MF"
"15","GO:0099094","ligand-gated cation channel activity",91,4,0.94,15,"0.0148","0.0148","MF"
"16","GO:0019904","protein domain specific binding",780,15,8.09,16,"0.0157","0.0157","MF"
"17","GO:0016780","phosphotransferase activity, for other s...",19,2,0.2,17,"1.0000","0.0163","MF"
"18","GO:0004842","ubiquitin-protein transferase activity",377,9,3.91,18,"0.0169","0.0169","MF"
"19","GO:0044877","protein-containing complex binding",1400,23,14.52,19,"0.1445","0.0182","MF"
"20","GO:0005248","voltage-gated sodium channel activity",22,2,0.23,20,"0.0215","0.0215","MF"
"21","GO:0019789","SUMO transferase activity",22,2,0.23,21,"1.0000","0.0215","MF"
"22","GO:0051219","phosphoprotein binding",103,4,1.07,22,"0.0223","0.0223","MF"
"23","GO:0008266","poly(U) RNA binding",24,2,0.25,23,"0.0254","0.0254","MF"
"24","GO:0005267","potassium channel activity",109,4,1.13,24,"0.0268","0.0268","MF"
"25","GO:0097602","cullin family protein binding",25,2,0.26,25,"0.0274","0.0274","MF"
"26","GO:0008134","transcription factor binding",621,12,6.44,26,"0.0284","0.0284","MF"
"27","GO:0005488","binding",11371,129,117.9,27,"0.1559","0.0308","MF"
"28","GO:0008187","poly-pyrimidine tract binding",28,2,0.29,28,"0.0339","0.0339","MF"
"29","GO:0043425","bHLH transcription factor binding",28,2,0.29,29,"0.0339","0.0339","MF"
"30","GO:0019903","protein phosphatase binding",173,5,1.79,30,"0.0343","0.0343","MF"
"31","GO:0015276","ligand-gated ion channel activity",119,4,1.23,31,"0.0353","0.0353","MF"
"32","GO:0045182","translation regulator activity",120,4,1.24,32,"0.0363","0.0363","MF"
"33","GO:0022834","ligand-gated channel activity",121,4,1.25,33,"0.0372","0.0372","MF"
"34","GO:0106306","protein serine phosphatase activity",71,3,0.74,34,"0.0375","0.0375","MF"
"35","GO:0106307","protein threonine phosphatase activity",71,3,0.74,35,"0.0375","0.0375","MF"
"36","GO:0008092","cytoskeletal protein binding",949,16,9.84,36,"0.3282","0.0376","MF"
"37","GO:0008157","protein phosphatase 1 binding",31,2,0.32,37,"0.0408","0.0408","MF"
"38","GO:0008135","translation factor activity, RNA binding",75,3,0.78,38,"0.0430","0.0430","MF"
"39","GO:0043015","gamma-tubulin binding",32,2,0.33,39,"0.0433","0.0433","MF"
"40","GO:0030332","cyclin binding",34,2,0.35,40,"0.0483","0.0483","MF"
"41","GO:0005249","voltage-gated potassium channel activity",80,3,0.83,41,"0.0504","0.0504","MF"
"42","GO:0001517","N-acetylglucosamine 6-O-sulfotransferase...",5,1,0.05,42,"0.0508","0.0508","MF"
"43","GO:0016886","ligase activity, forming phosphoric este...",5,1,0.05,43,"0.0508","0.0508","MF"
"44","GO:0001849","complement component C1q complex binding",5,1,0.05,44,"0.0508","0.0508","MF"
"45","GO:0051766","inositol trisphosphate kinase activity",5,1,0.05,45,"0.0508","0.0508","MF"
"46","GO:0015079","potassium ion transmembrane transporter ...",140,4,1.45,46,"0.0579","0.0579","MF"
"47","GO:0140297","DNA-binding transcription factor binding",403,8,4.18,47,"0.0591","0.0591","MF"
"48","GO:0005528","FK506 binding",6,1,0.06,48,"0.0606","0.0606","MF"
"49","GO:0046976","histone methyltransferase activity (H3-K...",6,1,0.06,49,"0.0606","0.0606","MF"
"50","GO:0000992","RNA polymerase III cis-regulatory region...",6,1,0.06,50,"0.0606","0.0606","MF"
"51","GO:0005222","intracellular cAMP-activated cation chan...",6,1,0.06,51,"0.0606","0.0606","MF"
"52","GO:0015277","kainate selective glutamate receptor act...",6,1,0.06,52,"0.0606","0.0606","MF"
"53","GO:0000182","rDNA binding",6,1,0.06,53,"0.0606","0.0606","MF"
"54","GO:0043426","MRF binding",6,1,0.06,54,"0.0606","0.0606","MF"
"55","GO:0001006","RNA polymerase III type 3 promoter seque...",6,1,0.06,55,"0.0606","0.0606","MF"
"56","GO:0004722","protein serine/threonine phosphatase act...",88,3,0.91,56,"0.5668","0.0635","MF"
"57","GO:0004812","aminoacyl-tRNA ligase activity",41,2,0.43,57,"0.0674","0.0674","MF"
"58","GO:0016875","ligase activity, forming carbon-oxygen b...",41,2,0.43,58,"0.0674","0.0674","MF"
"59","GO:0035240","dopamine binding",7,1,0.07,59,"0.0704","0.0704","MF"
"60","GO:0005527","macrolide binding",7,1,0.07,60,"0.0704","0.0704","MF"
"61","GO:2001069","glycogen binding",7,1,0.07,61,"0.0704","0.0704","MF"
"62","GO:0001016","RNA polymerase III transcription regulat...",7,1,0.07,62,"0.0704","0.0704","MF"
"63","GO:1990247","N6-methyladenosine-containing RNA bindin...",7,1,0.07,63,"0.0704","0.0704","MF"
"64","GO:0017176","phosphatidylinositol N-acetylglucosaminy...",7,1,0.07,64,"0.0704","0.0704","MF"
"65","GO:0071253","connexin binding",7,1,0.07,65,"0.0704","0.0704","MF"
"66","GO:0004571","mannosyl-oligosaccharide 1,2-alpha-manno...",7,1,0.07,66,"0.0704","0.0704","MF"
"67","GO:0090079","translation regulator activity, nucleic ...",92,3,0.95,67,"0.0705","0.0705","MF"
"68","GO:0003730","mRNA 3'-UTR binding",93,3,0.96,68,"0.0724","0.0724","MF"
"69","GO:0061630","ubiquitin protein ligase activity",281,6,2.91,69,"0.0727","0.0727","MF"
"70","GO:0043021","ribonucleoprotein complex binding",153,4,1.59,70,"0.0750","0.0750","MF"
"71","GO:0019902","phosphatase binding",218,5,2.26,71,"0.0768","0.0768","MF"
"72","GO:0008242","omega peptidase activity",96,3,1,72,"0.0779","0.0779","MF"
"73","GO:0005221","intracellular cyclic nucleotide activate...",8,1,0.08,73,"0.0800","0.0800","MF"
"74","GO:0043855","cyclic nucleotide-gated ion channel acti...",8,1,0.08,74,"0.0800","0.0800","MF"
"75","GO:0140096","catalytic activity, acting on a protein",1980,27,20.53,75,"0.2591","0.0821","MF"
"76","GO:0016874","ligase activity",158,4,1.64,76,"0.0822","0.0822","MF"
"77","GO:0003729","mRNA binding",291,6,3.02,77,"0.0828","0.0828","MF"
"78","GO:0004721","phosphoprotein phosphatase activity",162,4,1.68,78,"0.4732","0.0882","MF"
"79","GO:0030957","Tat protein binding",9,1,0.09,79,"0.0896","0.0896","MF"
"80","GO:0015280","ligand-gated sodium channel activity",9,1,0.09,80,"0.0896","0.0896","MF"
"81","GO:0004865","protein serine/threonine phosphatase inh...",9,1,0.09,81,"0.0896","0.0896","MF"
"82","GO:0005381","iron ion transmembrane transporter activ...",9,1,0.09,82,"0.0896","0.0896","MF"
"83","GO:0070016","armadillo repeat domain binding",9,1,0.09,83,"0.0896","0.0896","MF"
"84","GO:0019531","oxalate transmembrane transporter activi...",9,1,0.09,84,"0.0896","0.0896","MF"
"85","GO:0015924","mannosyl-oligosaccharide mannosidase act...",9,1,0.09,85,"0.0896","0.0896","MF"
"86","GO:0030331","estrogen receptor binding",50,2,0.52,86,"0.0948","0.0948","MF"
"87","GO:0061629","RNA polymerase II-specific DNA-binding t...",304,6,3.15,87,"0.0970","0.0970","MF"
"88","GO:0098879","structural constituent of postsynaptic s...",10,1,0.1,88,"0.0990","0.0990","MF"
"89","GO:0070181","small ribosomal subunit rRNA binding",10,1,0.1,89,"0.0990","0.0990","MF"
"90","GO:0004300","enoyl-CoA hydratase activity",10,1,0.1,90,"0.0990","0.0990","MF"
"91","GO:0015165","pyrimidine nucleotide-sugar transmembran...",10,1,0.1,91,"0.0990","0.0990","MF"
"92","GO:0140296","general transcription initiation factor ...",52,2,0.54,92,"0.1013","0.1013","MF"
"93","GO:0044389","ubiquitin-like protein ligase binding",310,6,3.21,93,"0.1039","0.1039","MF"
"94","GO:0008271","secondary active sulfate transmembrane t...",11,1,0.11,94,"0.1084","0.1084","MF"
"95","GO:0046974","histone methyltransferase activity (H3-K...",11,1,0.11,95,"0.1084","0.1084","MF"
"96","GO:0008330","protein tyrosine/threonine phosphatase a...",11,1,0.11,96,"0.1084","0.1084","MF"
"97","GO:0008641","ubiquitin-like modifier activating enzym...",11,1,0.11,97,"0.1084","0.1084","MF"
"98","GO:0031386","protein tag",11,1,0.11,98,"0.1084","0.1084","MF"
"99","GO:0030165","PDZ domain binding",115,3,1.19,99,"0.1173","0.1173","MF"
"100","GO:0016791","phosphatase activity",249,5,2.58,100,"0.4526","0.1174","MF"
"101","GO:0036312","phosphatidylinositol 3-kinase regulatory...",12,1,0.12,101,"0.1176","0.1176","MF"
"102","GO:0000340","RNA 7-methylguanosine cap binding",12,1,0.12,102,"0.1176","0.1176","MF"
"103","GO:0097157","pre-mRNA intronic binding",12,1,0.12,103,"0.1176","0.1176","MF"
"104","GO:0001846","opsonin binding",12,1,0.12,104,"0.1176","0.1176","MF"
"105","GO:0017017","MAP kinase tyrosine/serine/threonine pho...",12,1,0.12,105,"0.1176","0.1176","MF"
"106","GO:1901338","catecholamine binding",12,1,0.12,106,"0.1176","0.1176","MF"
"107","GO:0008270","zinc ion binding",630,10,6.53,107,"0.1199","0.1199","MF"
"108","GO:0015081","sodium ion transmembrane transporter act...",118,3,1.22,108,"1.0000","0.1241","MF"
"109","GO:0043023","ribosomal large subunit binding",13,1,0.13,109,"0.1268","0.1268","MF"
"110","GO:0042043","neurexin family protein binding",13,1,0.13,110,"0.1268","0.1268","MF"
"111","GO:0005338","nucleotide-sugar transmembrane transport...",13,1,0.13,111,"0.1268","0.1268","MF"
"112","GO:0017166","vinculin binding",13,1,0.13,112,"0.1268","0.1268","MF"
"113","GO:0070700","BMP receptor binding",13,1,0.13,113,"0.1268","0.1268","MF"
"114","GO:0019899","enzyme binding",2091,27,21.68,114,"0.2810","0.1332","MF"
"115","GO:0046935","1-phosphatidylinositol-3-kinase regulato...",14,1,0.15,115,"0.1358","0.1358","MF"
"116","GO:0050321","tau-protein kinase activity",14,1,0.15,116,"0.1358","0.1358","MF"
"117","GO:0051011","microtubule minus-end binding",14,1,0.15,117,"0.1358","0.1358","MF"
"118","GO:0016004","phospholipase activator activity",14,1,0.15,118,"0.1358","0.1358","MF"
"119","GO:0004559","alpha-mannosidase activity",14,1,0.15,119,"0.1358","0.1358","MF"
"120","GO:0003779","actin binding",413,7,4.28,120,"1.0000","0.1383","MF"
"121","GO:0098960","postsynaptic neurotransmitter receptor a...",63,2,0.65,121,"0.1389","0.1389","MF"
"122","GO:0060229","lipase activator activity",15,1,0.16,122,"0.1448","0.1448","MF"
"123","GO:0000339","RNA cap binding",15,1,0.16,123,"0.1448","0.1448","MF"
"124","GO:0015923","mannosidase activity",15,1,0.16,124,"0.1448","0.1448","MF"
"125","GO:0015116","sulfate transmembrane transporter activi...",15,1,0.16,125,"0.1448","0.1448","MF"
"126","GO:0016755","aminoacyltransferase activity",15,1,0.16,126,"0.1448","0.1448","MF"
"127","GO:0017124","SH3 domain binding",127,3,1.32,127,"0.1453","0.1453","MF"
"128","GO:0022843","voltage-gated cation channel activity",128,3,1.33,128,"0.1477","0.1477","MF"
"129","GO:0016740","transferase activity",2038,26,21.13,129,"0.3944","0.1532","MF"
"130","GO:0050811","GABA receptor binding",16,1,0.17,130,"0.1537","0.1537","MF"
"131","GO:0019957","C-C chemokine binding",16,1,0.17,131,"0.1537","0.1537","MF"
"132","GO:0005521","lamin binding",17,1,0.18,132,"0.1625","0.1625","MF"
"133","GO:0032183","SUMO binding",17,1,0.18,133,"0.1625","0.1625","MF"
"134","GO:0070034","telomerase RNA binding",17,1,0.18,134,"0.1625","0.1625","MF"
"135","GO:0035615","clathrin adaptor activity",17,1,0.18,135,"0.1625","0.1625","MF"
"136","GO:0043225","ATPase-coupled inorganic anion transmemb...",17,1,0.18,136,"0.1625","0.1625","MF"
"137","GO:0033549","MAP kinase phosphatase activity",17,1,0.18,137,"0.1625","0.1625","MF"
"138","GO:0015108","chloride transmembrane transporter activ...",17,1,0.18,138,"0.1625","0.1625","MF"
"139","GO:0046914","transition metal ion binding",847,12,8.78,139,"0.1697","0.1697","MF"
"140","GO:0016411","acylglycerol O-acyltransferase activity",18,1,0.19,140,"0.1711","0.1711","MF"
"141","GO:0140312","cargo adaptor activity",18,1,0.19,141,"0.1711","0.1711","MF"
"142","GO:0004970","ionotropic glutamate receptor activity",18,1,0.19,142,"0.1711","0.1711","MF"
"143","GO:0001848","complement binding",18,1,0.19,143,"0.1711","0.1711","MF"
"144","GO:0015297","antiporter activity",73,2,0.76,144,"0.1752","0.1752","MF"
"145","GO:0022836","gated channel activity",287,5,2.98,145,"0.1782","0.1782","MF"
"146","GO:0042802","identical protein binding",2079,26,21.56,146,"0.1786","0.1786","MF"
"147","GO:0035014","phosphatidylinositol 3-kinase regulator ...",19,1,0.2,147,"0.1798","0.1798","MF"
"148","GO:0140318","protein transporter activity",19,1,0.2,148,"0.1798","0.1798","MF"
"149","GO:0070003","threonine-type peptidase activity",19,1,0.2,149,"0.1798","0.1798","MF"
"150","GO:0035259","glucocorticoid receptor binding",19,1,0.2,150,"0.1798","0.1798","MF"
"151","GO:0015106","bicarbonate transmembrane transporter ac...",19,1,0.2,151,"0.1798","0.1798","MF"
"152","GO:0019888","protein phosphatase regulator activity",75,2,0.78,152,"0.1826","0.1826","MF"
"153","GO:0046873","metal ion transmembrane transporter acti...",368,6,3.82,153,"0.6522","0.1838","MF"
"154","GO:0005261","cation channel activity",292,5,3.03,154,"0.7292","0.1870","MF"
"155","GO:0008373","sialyltransferase activity",20,1,0.21,155,"0.1883","0.1883","MF"
"156","GO:0099186","structural constituent of postsynapse",20,1,0.21,156,"0.1883","0.1883","MF"
"157","GO:0004553","hydrolase activity, hydrolyzing O-glycos...",77,2,0.8,157,"0.1901","0.1901","MF"
"158","GO:0031625","ubiquitin protein ligase binding",294,5,3.05,158,"0.1905","0.1905","MF"
"159","GO:0046965","retinoid X receptor binding",21,1,0.22,159,"0.1967","0.1967","MF"
"160","GO:0001091","RNA polymerase II general transcription ...",21,1,0.22,160,"0.1967","0.1967","MF"
"161","GO:0030552","cAMP binding",21,1,0.22,161,"0.1967","0.1967","MF"
"162","GO:0015301","anion:anion antiporter activity",21,1,0.22,162,"0.1967","0.1967","MF"
"163","GO:0005546","phosphatidylinositol-4,5-bisphosphate bi...",79,2,0.82,163,"0.1976","0.1976","MF"
"164","GO:0016922","nuclear receptor binding",148,3,1.53,164,"0.1987","0.1987","MF"
"165","GO:0048156","tau protein binding",22,1,0.23,165,"0.2050","0.2050","MF"
"166","GO:0070696","transmembrane receptor protein serine/th...",22,1,0.23,166,"0.2050","0.2050","MF"
"167","GO:0005217","intracellular ligand-gated ion channel a...",22,1,0.23,167,"0.2050","0.2050","MF"
"168","GO:0005242","inward rectifier potassium channel activ...",22,1,0.23,168,"0.2050","0.2050","MF"
"169","GO:0035250","UDP-galactosyltransferase activity",22,1,0.23,169,"0.2050","0.2050","MF"
"170","GO:0030215","semaphorin receptor binding",22,1,0.23,170,"0.2050","0.2050","MF"
"171","GO:0030371","translation repressor activity",22,1,0.23,171,"0.2050","0.2050","MF"
"172","GO:0030247","polysaccharide binding",22,1,0.23,172,"0.2050","0.2050","MF"
"173","GO:0043169","cation binding",3313,39,34.35,173,"0.2101","0.2101","MF"
"174","GO:0030594","neurotransmitter receptor activity",83,2,0.86,174,"0.2127","0.2127","MF"
"175","GO:0070006","metalloaminopeptidase activity",23,1,0.24,175,"0.2133","0.2133","MF"
"176","GO:0005184","neuropeptide hormone activity",23,1,0.24,176,"0.2133","0.2133","MF"
"177","GO:0003785","actin monomer binding",23,1,0.24,177,"0.2133","0.2133","MF"
"178","GO:0050750","low-density lipoprotein particle recepto...",23,1,0.24,178,"0.2133","0.2133","MF"
"179","GO:0140323","solute:anion antiporter activity",24,1,0.25,179,"0.2215","0.2215","MF"
"180","GO:0004683","calmodulin-dependent protein kinase acti...",24,1,0.25,180,"0.2215","0.2215","MF"
"181","GO:0005112","Notch binding",24,1,0.25,181,"0.2215","0.2215","MF"
"182","GO:0051082","unfolded protein binding",86,2,0.89,182,"0.2242","0.2242","MF"
"183","GO:0001221","transcription coregulator binding",87,2,0.9,183,"0.2280","0.2280","MF"
"184","GO:0008378","galactosyltransferase activity",25,1,0.26,184,"0.2295","0.2295","MF"
"185","GO:0008066","glutamate receptor activity",25,1,0.26,185,"0.2295","0.2295","MF"
"186","GO:0019956","chemokine binding",25,1,0.26,186,"0.2295","0.2295","MF"
"187","GO:0043274","phospholipase binding",25,1,0.26,187,"0.2295","0.2295","MF"
"188","GO:0051787","misfolded protein binding",25,1,0.26,188,"0.2295","0.2295","MF"
"189","GO:0031210","phosphatidylcholine binding",25,1,0.26,189,"0.2295","0.2295","MF"
"190","GO:0004843","thiol-dependent deubiquitinase",88,2,0.91,190,"0.2318","0.2318","MF"
"191","GO:0005158","insulin receptor binding",26,1,0.27,191,"0.2375","0.2375","MF"
"192","GO:0017025","TBP-class protein binding",26,1,0.27,192,"0.2375","0.2375","MF"
"193","GO:0101005","deubiquitinase activity",90,2,0.93,193,"0.2395","0.2395","MF"
"194","GO:0070325","lipoprotein particle receptor binding",27,1,0.28,194,"0.2455","0.2455","MF"
"195","GO:0140326","ATPase-coupled intramembrane lipid trans...",27,1,0.28,195,"0.2455","0.2455","MF"
"196","GO:0005310","dicarboxylic acid transmembrane transpor...",27,1,0.28,196,"0.2455","0.2455","MF"
"197","GO:0019208","phosphatase regulator activity",92,2,0.95,197,"0.2471","0.2471","MF"
"198","GO:0060090","molecular adaptor activity",327,5,3.39,198,"0.2523","0.2523","MF"
"199","GO:0022890","inorganic cation transmembrane transport...",495,7,5.13,199,"0.6849","0.2547","MF"
"200","GO:0003676","nucleic acid binding",2925,34,30.33,200,"0.8848","0.2569","MF"
"201","GO:0008380","RNA splicing",376,13,4.1,1,"0.00479","0.00025","BP"
"202","GO:0048024","regulation of mRNA splicing, via spliceo...",99,6,1.08,2,"0.04685","0.00075","BP"
"203","GO:0006998","nuclear envelope organization",40,4,0.44,3,"0.00092","0.00092","BP"
"204","GO:0033120","positive regulation of RNA splicing",41,4,0.45,4,"0.16775","0.00101","BP"
"205","GO:0015031","protein transport",1461,29,15.94,5,"0.00113","0.00113","BP"
"206","GO:0009409","response to cold",44,4,0.48,6,"0.00132","0.00132","BP"
"207","GO:0010815","bradykinin catabolic process",6,2,0.07,7,"0.00172","0.00172","BP"
"208","GO:2000394","positive regulation of lamellipodium mor...",6,2,0.07,8,"0.00172","0.00172","BP"
"209","GO:0045184","establishment of protein localization",1581,30,17.25,9,"0.70258","0.00186","BP"
"210","GO:0048026","positive regulation of mRNA splicing, vi...",24,3,0.26,10,"0.00218","0.00218","BP"
"211","GO:0000398","mRNA splicing, via spliceosome",261,9,2.85,11,"0.04290","0.00230","BP"
"212","GO:0000375","RNA splicing, via transesterification re...",261,9,2.85,12,"0.04290","0.00230","BP"
"213","GO:0000377","RNA splicing, via transesterification re...",261,9,2.85,13,"0.04290","0.00230","BP"
"214","GO:0043171","peptide catabolic process",25,3,0.27,14,"0.18633","0.00246","BP"
"215","GO:0051128","regulation of cellular component organiz...",2239,38,24.42,15,"0.01822","0.00328","BP"
"216","GO:0006397","mRNA processing",445,12,4.85,16,"0.03820","0.00358","BP"
"217","GO:0050684","regulation of mRNA processing",136,6,1.48,17,"0.11953","0.00378","BP"
"218","GO:0010968","regulation of microtubule nucleation",9,2,0.1,18,"0.00405","0.00405","BP"
"219","GO:0006646","phosphatidylethanolamine biosynthetic pr...",9,2,0.1,19,"0.00405","0.00405","BP"
"220","GO:0097104","postsynaptic membrane assembly",9,2,0.1,20,"0.00405","0.00405","BP"
"221","GO:2000392","regulation of lamellipodium morphogenesi...",9,2,0.1,21,"1.00000","0.00405","BP"
"222","GO:1903649","regulation of cytoplasmic transport",30,3,0.33,22,"0.00417","0.00417","BP"
"223","GO:0007020","microtubule nucleation",32,3,0.35,23,"0.22096","0.00502","BP"
"224","GO:0097119","postsynaptic density protein 95 clusteri...",10,2,0.11,24,"0.00503","0.00503","BP"
"225","GO:0043484","regulation of RNA splicing",145,6,1.58,25,"0.14122","0.00516","BP"
"226","GO:0008104","protein localization",2391,39,26.08,26,"0.57398","0.00570","BP"
"227","GO:0033146","regulation of intracellular estrogen rec...",34,3,0.37,27,"0.00596","0.00596","BP"
"228","GO:0099171","presynaptic modulation of chemical synap...",11,2,0.12,28,"0.00610","0.00610","BP"
"229","GO:0019080","viral gene expression",67,4,0.73,29,"0.00615","0.00615","BP"
"230","GO:0050685","positive regulation of mRNA processing",35,3,0.38,30,"1.00000","0.00646","BP"
"231","GO:0001953","negative regulation of cell-matrix adhes...",36,3,0.39,31,"0.00700","0.00700","BP"
"232","GO:0033143","regulation of intracellular steroid horm...",72,4,0.79,32,"0.33700","0.00791","BP"
"233","GO:0032465","regulation of cytokinesis",76,4,0.83,33,"0.00954","0.00954","BP"
"234","GO:0071705","nitrogen compound transport",1849,31,20.17,34,"0.90384","0.00972","BP"
"235","GO:0070647","protein modification by small protein co...",767,16,8.37,35,"0.00983","0.00983","BP"
"236","GO:0031109","microtubule polymerization or depolymeri...",120,5,1.31,36,"0.11846","0.01016","BP"
"237","GO:1903311","regulation of mRNA metabolic process",273,8,2.98,37,"0.13061","0.01029","BP"
"238","GO:0051580","regulation of neurotransmitter uptake",16,2,0.17,38,"0.01284","0.01284","BP"
"239","GO:0072673","lamellipodium morphogenesis",16,2,0.17,39,"1.00000","0.01284","BP"
"240","GO:0030520","intracellular estrogen receptor signalin...",46,3,0.5,40,"1.00000","0.01374","BP"
"241","GO:0051895","negative regulation of focal adhesion as...",17,2,0.19,41,"0.01445","0.01445","BP"
"242","GO:0019081","viral translation",17,2,0.19,42,"0.01445","0.01445","BP"
"243","GO:0150118","negative regulation of cell-substrate ju...",17,2,0.19,43,"0.01445","0.01445","BP"
"244","GO:0035418","protein localization to synapse",86,4,0.94,44,"0.01453","0.01453","BP"
"245","GO:1900182","positive regulation of protein localizat...",87,4,0.95,45,"0.01511","0.01511","BP"
"246","GO:0046907","intracellular transport",1380,24,15.05,46,"0.05454","0.01513","BP"
"247","GO:0060612","adipose tissue development",48,3,0.52,47,"0.01541","0.01541","BP"
"248","GO:1903312","negative regulation of mRNA metabolic pr...",88,4,0.96,48,"0.01569","0.01569","BP"
"249","GO:0051130","positive regulation of cellular componen...",1092,20,11.91,49,"0.04565","0.01575","BP"
"250","GO:0034504","protein localization to nucleus",296,8,3.23,50,"0.01609","0.01609","BP"
"251","GO:1902236","negative regulation of endoplasmic retic...",18,2,0.2,51,"0.01614","0.01614","BP"
"252","GO:2000641","regulation of early endosome to late end...",18,2,0.2,52,"0.01614","0.01614","BP"
"253","GO:0048731","system development",4215,59,45.98,53,"0.02874","0.01701","BP"
"254","GO:0007399","nervous system development",2242,35,24.46,54,"0.03576","0.01704","BP"
"255","GO:1900180","regulation of protein localization to nu...",138,5,1.51,55,"0.01769","0.01769","BP"
"256","GO:0045292","mRNA cis splicing, via spliceosome",19,2,0.21,56,"0.01791","0.01791","BP"
"257","GO:0032011","ARF protein signal transduction",19,2,0.21,57,"0.01791","0.01791","BP"
"258","GO:0032012","regulation of ARF protein signal transdu...",19,2,0.21,58,"0.01791","0.01791","BP"
"259","GO:0097107","postsynaptic density assembly",20,2,0.22,59,"0.01976","0.01976","BP"
"260","GO:0033036","macromolecule localization",2748,41,29.98,60,"0.73760","0.01977","BP"
"261","GO:0016071","mRNA metabolic process",630,13,6.87,61,"0.11791","0.02076","BP"
"262","GO:0051649","establishment of localization in cell",1960,31,21.38,62,"0.05986","0.02097","BP"
"263","GO:0098962","regulation of postsynaptic neurotransmit...",21,2,0.23,63,"0.02169","0.02169","BP"
"264","GO:0046337","phosphatidylethanolamine metabolic proce...",22,2,0.24,64,"1.00000","0.02369","BP"
"265","GO:0030518","intracellular steroid hormone receptor s...",101,4,1.1,65,"0.51582","0.02467","BP"
"266","GO:0022604","regulation of cell morphogenesis",321,8,3.5,66,"0.12612","0.02474","BP"
"267","GO:0050775","positive regulation of dendrite morphoge...",58,3,0.63,67,"0.02541","0.02541","BP"
"268","GO:0010812","negative regulation of cell-substrate ad...",58,3,0.63,68,"1.00000","0.02541","BP"
"269","GO:0097479","synaptic vesicle localization",58,3,0.63,69,"0.02541","0.02541","BP"
"270","GO:0071763","nuclear membrane organization",23,2,0.25,70,"0.02576","0.02576","BP"
"271","GO:0010256","endomembrane system organization",451,10,4.92,71,"0.27681","0.02634","BP"
"272","GO:0070507","regulation of microtubule cytoskeleton o...",154,5,1.68,72,"0.20640","0.02689","BP"
"273","GO:0051960","regulation of nervous system development",519,11,5.66,73,"0.02716","0.02716","BP"
"274","GO:0044087","regulation of cellular component biogene...",941,17,10.27,74,"0.07905","0.02828","BP"
"275","GO:0032446","protein modification by small protein co...",658,13,7.18,75,"0.02830","0.02830","BP"
"276","GO:1901888","regulation of cell junction assembly",213,6,2.32,76,"0.02948","0.02948","BP"
"277","GO:0099601","regulation of neurotransmitter receptor ...",62,3,0.68,77,"0.03019","0.03019","BP"
"278","GO:0043401","steroid hormone mediated signaling pathw...",108,4,1.18,78,"0.55123","0.03056","BP"
"279","GO:0019318","hexose metabolic process",217,6,2.37,79,"0.03187","0.03187","BP"
"280","GO:0051570","regulation of histone H3-K9 methylation",26,2,0.28,80,"0.03240","0.03240","BP"
"281","GO:0051962","positive regulation of nervous system de...",342,8,3.73,81,"0.03419","0.03419","BP"
"282","GO:1902235","regulation of endoplasmic reticulum stre...",27,2,0.29,82,"0.03474","0.03474","BP"
"283","GO:0048499","synaptic vesicle membrane organization",27,2,0.29,83,"0.03474","0.03474","BP"
"284","GO:0098698","postsynaptic specialization assembly",27,2,0.29,84,"0.03474","0.03474","BP"
"285","GO:0010611","regulation of cardiac muscle hypertrophy",67,3,0.73,85,"0.03677","0.03677","BP"
"286","GO:1904861","excitatory synapse assembly",28,2,0.31,86,"0.03715","0.03715","BP"
"287","GO:0031334","positive regulation of protein-containin...",227,6,2.48,87,"0.03840","0.03840","BP"
"288","GO:1903313","positive regulation of mRNA metabolic pr...",117,4,1.28,88,"0.63466","0.03925","BP"
"289","GO:1901889","negative regulation of cell junction ass...",29,2,0.32,89,"0.03962","0.03962","BP"
"290","GO:0051963","regulation of synapse assembly",118,4,1.29,90,"0.04030","0.04030","BP"
"291","GO:0014743","regulation of muscle hypertrophy",70,3,0.76,91,"0.04105","0.04105","BP"
"292","GO:0031175","neuron projection development",1060,18,11.56,92,"0.04110","0.04110","BP"
"293","GO:1902414","protein localization to cell junction",119,4,1.3,93,"0.04136","0.04136","BP"
"294","GO:0043254","regulation of protein-containing complex...",421,9,4.59,94,"0.15840","0.04156","BP"
"295","GO:0006396","RNA processing",841,15,9.17,95,"0.95557","0.04195","BP"
"296","GO:0006109","regulation of carbohydrate metabolic pro...",174,5,1.9,96,"0.04208","0.04208","BP"
"297","GO:0031346","positive regulation of cell projection o...",422,9,4.6,97,"0.16378","0.04209","BP"
"298","GO:0010614","negative regulation of cardiac muscle hy...",30,2,0.33,98,"0.04216","0.04216","BP"
"299","GO:0010769","regulation of cell morphogenesis involve...",120,4,1.31,99,"0.04243","0.04243","BP"
"300","GO:0005996","monosaccharide metabolic process",233,6,2.54,100,"0.04269","0.04269","BP"
"301","GO:0009057","macromolecule catabolic process",1220,20,13.31,101,"0.04391","0.04391","BP"
"302","GO:0061515","myeloid cell development",72,3,0.79,102,"0.04403","0.04403","BP"
"303","GO:0099068","postsynapse assembly",31,2,0.34,103,"1.00000","0.04475","BP"
"304","GO:0070266","necroptotic process",31,2,0.34,104,"0.04475","0.04475","BP"
"305","GO:0032456","endocytic recycling",73,3,0.8,105,"0.04556","0.04556","BP"
"306","GO:0000380","alternative mRNA splicing, via spliceoso...",74,3,0.81,106,"0.04712","0.04712","BP"
"307","GO:0050804","modulation of chemical synaptic transmis...",499,10,5.44,107,"0.15841","0.04716","BP"
"308","GO:0014741","negative regulation of muscle hypertroph...",32,2,0.35,108,"0.04740","0.04740","BP"
"309","GO:0099177","regulation of trans-synaptic signaling",500,10,5.45,109,"0.15966","0.04768","BP"
"310","GO:0070646","protein modification by small protein re...",125,4,1.36,110,"0.04805","0.04805","BP"
"311","GO:0097435","supramolecular fiber organization",712,13,7.77,111,"0.13922","0.04823","BP"
"312","GO:0071702","organic substance transport",2185,32,23.84,112,"0.97832","0.04882","BP"
"313","GO:0006997","nucleus organization",126,4,1.37,113,"1.00000","0.04922","BP"
"314","GO:0007275","multicellular organism development",4721,62,51.5,114,"0.07472","0.04945","BP"
"315","GO:0051642","centrosome localization",33,2,0.36,115,"0.05010","0.05010","BP"
"316","GO:0044319","wound healing, spreading of cells",33,2,0.36,116,"0.05010","0.05010","BP"
"317","GO:0098751","bone cell development",33,2,0.36,117,"0.05010","0.05010","BP"
"318","GO:0090505","epiboly involved in wound healing",33,2,0.36,118,"0.05010","0.05010","BP"
"319","GO:0001990","regulation of systemic arterial blood pr...",34,2,0.37,119,"0.05286","0.05286","BP"
"320","GO:0035640","exploration behavior",34,2,0.37,120,"0.05286","0.05286","BP"
"321","GO:0090504","epiboly",34,2,0.37,121,"0.05286","0.05286","BP"
"322","GO:0061842","microtubule organizing center localizati...",34,2,0.37,122,"0.05286","0.05286","BP"
"323","GO:0007416","synapse assembly",186,5,2.03,123,"0.29866","0.05325","BP"
"324","GO:0097240","chromosome attachment to the nuclear env...",5,1,0.05,124,"0.05337","0.05337","BP"
"325","GO:0097749","membrane tubulation",5,1,0.05,125,"0.05337","0.05337","BP"
"326","GO:1902474","positive regulation of protein localizat...",5,1,0.05,126,"0.05337","0.05337","BP"
"327","GO:0060708","spongiotrophoblast differentiation",5,1,0.05,127,"0.05337","0.05337","BP"
"328","GO:1990592","protein K69-linked ufmylation",5,1,0.05,128,"0.05337","0.05337","BP"
"329","GO:0003383","apical constriction",5,1,0.05,129,"0.05337","0.05337","BP"
"330","GO:0051036","regulation of endosome size",5,1,0.05,130,"0.05337","0.05337","BP"
"331","GO:1990564","protein polyufmylation",5,1,0.05,131,"0.05337","0.05337","BP"
"332","GO:0106014","regulation of inflammatory response to w...",5,1,0.05,132,"0.05337","0.05337","BP"
"333","GO:0071321","cellular response to cGMP",5,1,0.05,133,"0.05337","0.05337","BP"
"334","GO:0061975","articular cartilage development",5,1,0.05,134,"0.05337","0.05337","BP"
"335","GO:0060023","soft palate development",5,1,0.05,135,"0.05337","0.05337","BP"
"336","GO:0075525","viral translational termination-reinitia...",5,1,0.05,136,"0.05337","0.05337","BP"
"337","GO:1904180","negative regulation of membrane depolari...",5,1,0.05,137,"0.05337","0.05337","BP"
"338","GO:0003100","regulation of systemic arterial blood pr...",5,1,0.05,138,"0.05337","0.05337","BP"
"339","GO:0002314","germinal center B cell differentiation",5,1,0.05,139,"0.05337","0.05337","BP"
"340","GO:0070940","dephosphorylation of RNA polymerase II C...",5,1,0.05,140,"0.05337","0.05337","BP"
"341","GO:0097492","sympathetic neuron axon guidance",5,1,0.05,141,"0.05337","0.05337","BP"
"342","GO:0060375","regulation of mast cell differentiation",5,1,0.05,142,"0.05337","0.05337","BP"
"343","GO:0060319","primitive erythrocyte differentiation",5,1,0.05,143,"0.05337","0.05337","BP"
"344","GO:0006640","monoacylglycerol biosynthetic process",5,1,0.05,144,"0.05337","0.05337","BP"
"345","GO:0050915","sensory perception of sour taste",5,1,0.05,145,"0.05337","0.05337","BP"
"346","GO:0005975","carbohydrate metabolic process",511,10,5.57,146,"0.05373","0.05373","BP"
"347","GO:0051965","positive regulation of synapse assembly",79,3,0.86,147,"0.05529","0.05529","BP"
"348","GO:0097106","postsynaptic density organization",35,2,0.38,148,"1.00000","0.05567","BP"
"349","GO:0046785","microtubule polymerization",80,3,0.87,149,"0.53790","0.05700","BP"
"350","GO:0050789","regulation of biological process",9291,112,101.35,150,"0.22332","0.05833","BP"
"351","GO:0051567","histone H3-K9 methylation",36,2,0.39,151,"0.05854","0.05854","BP"
"352","GO:0006383","transcription by RNA polymerase III",36,2,0.39,152,"0.05854","0.05854","BP"
"353","GO:0043551","regulation of phosphatidylinositol 3-kin...",36,2,0.39,153,"0.05854","0.05854","BP"
"354","GO:1902745","positive regulation of lamellipodium org...",36,2,0.39,154,"1.00000","0.05854","BP"
"355","GO:0001504","neurotransmitter uptake",36,2,0.39,155,"0.05854","0.05854","BP"
"356","GO:0022602","ovulation cycle process",36,2,0.39,156,"0.05854","0.05854","BP"
"357","GO:0019538","protein metabolic process",4512,59,49.22,157,"0.25443","0.06020","BP"
"358","GO:0032885","regulation of polysaccharide biosyntheti...",37,2,0.4,158,"0.06145","0.06145","BP"
"359","GO:1905606","regulation of presynapse assembly",37,2,0.4,159,"0.06145","0.06145","BP"
"360","GO:0051154","negative regulation of striated muscle c...",37,2,0.4,160,"0.06145","0.06145","BP"
"361","GO:0033144","negative regulation of intracellular ste...",37,2,0.4,161,"0.06145","0.06145","BP"
"362","GO:0010975","regulation of neuron projection developm...",526,10,5.74,162,"0.06277","0.06277","BP"
"363","GO:1903243","negative regulation of cardiac muscle hy...",6,1,0.07,163,"0.06370","0.06370","BP"
"364","GO:1904026","regulation of collagen fibril organizati...",6,1,0.07,164,"0.06370","0.06370","BP"
"365","GO:0001957","intramembranous ossification",6,1,0.07,165,"0.06370","0.06370","BP"
"366","GO:0070777","D-aspartate transport",6,1,0.07,166,"0.06370","0.06370","BP"
"367","GO:0070779","D-aspartate import across plasma membran...",6,1,0.07,167,"0.06370","0.06370","BP"
"368","GO:0051584","regulation of dopamine uptake involved i...",6,1,0.07,168,"0.06370","0.06370","BP"
"369","GO:0048840","otolith development",6,1,0.07,169,"0.06370","0.06370","BP"
"370","GO:0070535","histone H2A K63-linked ubiquitination",6,1,0.07,170,"0.06370","0.06370","BP"
"371","GO:0000395","mRNA 5'-splice site recognition",6,1,0.07,171,"0.06370","0.06370","BP"
"372","GO:0036072","direct ossification",6,1,0.07,172,"0.06370","0.06370","BP"
"373","GO:0003186","tricuspid valve morphogenesis",6,1,0.07,173,"0.06370","0.06370","BP"
"374","GO:0003175","tricuspid valve development",6,1,0.07,174,"0.06370","0.06370","BP"
"375","GO:0032776","DNA methylation on cytosine",6,1,0.07,175,"0.06370","0.06370","BP"
"376","GO:0032713","negative regulation of interleukin-4 pro...",6,1,0.07,176,"0.06370","0.06370","BP"
"377","GO:0006751","glutathione catabolic process",6,1,0.07,177,"0.06370","0.06370","BP"
"378","GO:0051940","regulation of catecholamine uptake invol...",6,1,0.07,178,"0.06370","0.06370","BP"
"379","GO:0070305","response to cGMP",6,1,0.07,179,"0.06370","0.06370","BP"
"380","GO:0060374","mast cell differentiation",6,1,0.07,180,"0.06370","0.06370","BP"
"381","GO:0061743","motor learning",6,1,0.07,181,"0.06370","0.06370","BP"
"382","GO:0006004","fucose metabolic process",6,1,0.07,182,"0.06370","0.06370","BP"
"383","GO:0090063","positive regulation of microtubule nucle...",6,1,0.07,183,"0.06370","0.06370","BP"
"384","GO:0071569","protein ufmylation",6,1,0.07,184,"0.06370","0.06370","BP"
"385","GO:2001286","regulation of caveolin-mediated endocyto...",6,1,0.07,185,"0.06370","0.06370","BP"
"386","GO:0045017","glycerolipid biosynthetic process",198,5,2.16,186,"0.33407","0.06599","BP"
"387","GO:0044262","cellular carbohydrate metabolic process",261,6,2.85,187,"0.06664","0.06664","BP"
"388","GO:1901998","toxin transport",39,2,0.43,188,"0.06742","0.06742","BP"
"389","GO:0045022","early endosome to late endosome transpor...",39,2,0.43,189,"0.06742","0.06742","BP"
"390","GO:0030163","protein catabolic process",900,15,9.82,190,"0.06745","0.06745","BP"
"391","GO:0030219","megakaryocyte differentiation",40,2,0.44,191,"0.07048","0.07048","BP"
"392","GO:1903573","negative regulation of response to endop...",40,2,0.44,192,"0.07048","0.07048","BP"
"393","GO:0010675","regulation of cellular carbohydrate meta...",143,4,1.56,193,"0.07148","0.07148","BP"
"394","GO:0048193","Golgi vesicle transport",267,6,2.91,194,"0.07262","0.07262","BP"
"395","GO:0007268","chemical synaptic transmission",686,12,7.48,195,"0.19433","0.07272","BP"
"396","GO:0098916","anterograde trans-synaptic signaling",686,12,7.48,196,"0.19433","0.07272","BP"
"397","GO:0009755","hormone-mediated signaling pathway",144,4,1.57,197,"0.69651","0.07293","BP"
"398","GO:0030010","establishment of cell polarity",144,4,1.57,198,"0.07293","0.07293","BP"
"399","GO:0048814","regulation of dendrite morphogenesis",89,3,0.97,199,"0.07350","0.07350","BP"
"400","GO:0099174","regulation of presynapse organization",41,2,0.45,200,"0.07357","0.07357","BP"
"401","GO:0005681","spliceosomal complex",190,8,2.08,1,"0.0012","0.0012","CC"
"402","GO:0005819","spindle",315,10,3.45,2,"0.0025","0.0025","CC"
"403","GO:0072669","tRNA-splicing ligase complex",8,2,0.09,3,"0.0032","0.0032","CC"
"404","GO:0031463","Cul3-RING ubiquitin ligase complex",39,3,0.43,4,"0.0089","0.0089","CC"
"405","GO:0036477","somatodendritic compartment",995,19,10.9,5,"0.0130","0.0130","CC"
"406","GO:0000151","ubiquitin ligase complex",284,8,3.11,6,"0.1266","0.0132","CC"
"407","GO:0000922","spindle pole",135,5,1.48,7,"0.0165","0.0165","CC"
"408","GO:0043025","neuronal cell body",690,14,7.56,8,"0.0197","0.0197","CC"
"409","GO:0044297","cell body",773,15,8.47,9,"0.0230","0.0230","CC"
"410","GO:0043005","neuron projection",1447,24,15.86,10,"0.0266","0.0266","CC"
"411","GO:0045202","synapse",1250,21,13.7,11,"0.0329","0.0329","CC"
"412","GO:0060077","inhibitory synapse",27,2,0.3,12,"0.0350","0.0350","CC"
"413","GO:0005689","U12-type spliceosomal complex",27,2,0.3,13,"0.0350","0.0350","CC"
"414","GO:0099023","vesicle tethering complex",68,3,0.75,14,"0.0386","0.0386","CC"
"415","GO:0031461","cullin-RING ubiquitin ligase complex",173,5,1.9,15,"0.4258","0.0419","CC"
"416","GO:0030425","dendrite",697,13,7.64,16,"0.0433","0.0433","CC"
"417","GO:0097447","dendritic tree",700,13,7.67,17,"0.0445","0.0445","CC"
"418","GO:0140535","intracellular protein-containing complex",710,13,7.78,18,"0.4137","0.0489","CC"
"419","GO:0005884","actin filament",126,4,1.38,19,"0.0499","0.0499","CC"
"420","GO:0035061","interchromatin granule",5,1,0.05,20,"0.0536","0.0536","CC"
"421","GO:1990745","EARP complex",5,1,0.05,21,"0.0536","0.0536","CC"
"422","GO:0005964","phosphorylase kinase complex",5,1,0.05,22,"0.0536","0.0536","CC"
"423","GO:0005954","calcium- and calmodulin-dependent protei...",5,1,0.05,23,"0.0536","0.0536","CC"
"424","GO:0005827","polar microtubule",5,1,0.05,24,"0.0536","0.0536","CC"
"425","GO:0000923","equatorial microtubule organizing center",5,1,0.05,25,"0.0536","0.0536","CC"
"426","GO:0000938","GARP complex",5,1,0.05,26,"0.0536","0.0536","CC"
"427","GO:0089717","spanning component of membrane",5,1,0.05,27,"0.0536","0.0536","CC"
"428","GO:0140007","KICSTOR complex",5,1,0.05,28,"0.0536","0.0536","CC"
"429","GO:0044214","spanning component of plasma membrane",5,1,0.05,29,"0.0536","0.0536","CC"
"430","GO:0005638","lamin filament",5,1,0.05,30,"0.0536","0.0536","CC"
"431","GO:0097433","dense body",5,1,0.05,31,"0.0536","0.0536","CC"
"432","GO:0005654","nucleoplasm",3292,45,36.08,32,"0.0598","0.0598","CC"
"433","GO:1990712","HFE-transferrin receptor complex",6,1,0.07,33,"0.0640","0.0640","CC"
"434","GO:0032983","kainate selective glutamate receptor com...",6,1,0.07,34,"0.0640","0.0640","CC"
"435","GO:0000839","Hrd1p ubiquitin ligase ERAD-L complex",6,1,0.07,35,"0.0640","0.0640","CC"
"436","GO:0097427","microtubule bundle",6,1,0.07,36,"0.0640","0.0640","CC"
"437","GO:0033093","Weibel-Palade body",6,1,0.07,37,"0.0640","0.0640","CC"
"438","GO:1990904","ribonucleoprotein complex",672,12,7.36,38,"0.7551","0.0663","CC"
"439","GO:0099513","polymeric cytoskeletal fiber",602,11,6.6,39,"0.0676","0.0676","CC"
"440","GO:0031981","nuclear lumen",3662,49,40.13,40,"0.0679","0.0679","CC"
"441","GO:0030054","cell junction",1834,27,20.1,41,"0.0679","0.0679","CC"
"442","GO:0098794","postsynapse",603,11,6.61,42,"0.0682","0.0682","CC"
"443","GO:0030119","AP-type membrane coat adaptor complex",41,2,0.45,43,"0.0742","0.0742","CC"
"444","GO:0045180","basal cortex",7,1,0.08,44,"0.0743","0.0743","CC"
"445","GO:0016281","eukaryotic translation initiation factor...",7,1,0.08,45,"0.0743","0.0743","CC"
"446","GO:0000835","ER ubiquitin ligase complex",7,1,0.08,46,"0.0743","0.0743","CC"
"447","GO:0000836","Hrd1p ubiquitin ligase complex",7,1,0.08,47,"0.0743","0.0743","CC"
"448","GO:0033263","CORVET complex",7,1,0.08,48,"0.0743","0.0743","CC"
"449","GO:0043219","lateral loop",7,1,0.08,49,"0.0743","0.0743","CC"
"450","GO:0005726","perichromatin fibrils",7,1,0.08,50,"0.0743","0.0743","CC"
"451","GO:0031090","organelle membrane",2099,30,23,51,"0.0758","0.0758","CC"
"452","GO:0031984","organelle subcompartment",838,14,9.18,52,"0.0769","0.0769","CC"
"453","GO:0099056","integral component of presynaptic membra...",44,2,0.48,53,"0.0838","0.0838","CC"
"454","GO:0030424","axon",700,12,7.67,54,"0.0839","0.0839","CC"
"455","GO:0030314","junctional membrane complex",8,1,0.09,55,"0.0844","0.0844","CC"
"456","GO:0000506","glycosylphosphatidylinositol-N-acetylglu...",8,1,0.09,56,"0.0844","0.0844","CC"
"457","GO:0033179","proton-transporting V-type ATPase, V0 do...",8,1,0.09,57,"0.0844","0.0844","CC"
"458","GO:0042587","glycogen granule",8,1,0.09,58,"0.0844","0.0844","CC"
"459","GO:0061673","mitotic spindle astral microtubule",8,1,0.09,59,"0.0844","0.0844","CC"
"460","GO:0042406","extrinsic component of endoplasmic retic...",8,1,0.09,60,"0.0844","0.0844","CC"
"461","GO:0032541","cortical endoplasmic reticulum",8,1,0.09,61,"0.0844","0.0844","CC"
"462","GO:0036513","Derlin-1 retrotranslocation complex",8,1,0.09,62,"0.0844","0.0844","CC"
"463","GO:0072686","mitotic spindle",151,4,1.65,63,"0.0846","0.0846","CC"
"464","GO:0005794","Golgi apparatus",1407,21,15.42,64,"0.0907","0.0907","CC"
"465","GO:0098827","endoplasmic reticulum subcompartment",565,10,6.19,65,"0.0929","0.0929","CC"
"466","GO:0098690","glycinergic synapse",9,1,0.1,66,"0.0944","0.0944","CC"
"467","GO:0099059","integral component of presynaptic active...",9,1,0.1,67,"0.0944","0.0944","CC"
"468","GO:0005885","Arp2/3 protein complex",9,1,0.1,68,"0.0944","0.0944","CC"
"469","GO:0000815","ESCRT III complex",9,1,0.1,69,"0.0944","0.0944","CC"
"470","GO:0097450","astrocyte end-foot",9,1,0.1,70,"0.0944","0.0944","CC"
"471","GO:0055038","recycling endosome membrane",48,2,0.53,71,"0.0972","0.0972","CC"
"472","GO:0042995","cell projection",2405,33,26.36,72,"0.0986","0.0986","CC"
"473","GO:0005768","endosome",878,14,9.62,73,"0.1023","0.1023","CC"
"474","GO:0030141","secretory granule",292,6,3.2,74,"0.1024","0.1024","CC"
"475","GO:0048471","perinuclear region of cytoplasm",653,11,7.16,75,"0.1044","0.1044","CC"
"476","GO:0030122","AP-2 adaptor complex",10,1,0.11,76,"0.1044","0.1044","CC"
"477","GO:0000805","X chromosome",10,1,0.11,77,"0.1044","0.1044","CC"
"478","GO:0016600","flotillin complex",10,1,0.11,78,"0.1044","0.1044","CC"
"479","GO:0098889","intrinsic component of presynaptic membr...",51,2,0.56,79,"0.1076","0.1076","CC"
"480","GO:0120025","plasma membrane bounded cell projection",2179,30,23.88,80,"0.1091","0.1091","CC"
"481","GO:0031974","membrane-enclosed lumen",4063,52,44.53,81,"0.1135","0.1135","CC"
"482","GO:0070013","intracellular organelle lumen",4063,52,44.53,82,"0.1135","0.1135","CC"
"483","GO:0043233","organelle lumen",4063,52,44.53,83,"0.1135","0.1135","CC"
"484","GO:0000235","astral microtubule",11,1,0.12,84,"0.1142","0.1142","CC"
"485","GO:0030123","AP-3 adaptor complex",11,1,0.12,85,"0.1142","0.1142","CC"
"486","GO:0030128","clathrin coat of endocytic vesicle",11,1,0.12,86,"0.1142","0.1142","CC"
"487","GO:0140672","ATAC complex",11,1,0.12,87,"0.1142","0.1142","CC"
"488","GO:0030897","HOPS complex",11,1,0.12,88,"0.1142","0.1142","CC"
"489","GO:0071005","U2-type precatalytic spliceosome",53,2,0.58,89,"0.1147","0.1147","CC"
"490","GO:1990234","transferase complex",744,12,8.15,90,"0.3522","0.1170","CC"
"491","GO:0099699","integral component of synaptic membrane",110,3,1.21,91,"0.1202","0.1202","CC"
"492","GO:0071011","precatalytic spliceosome",55,2,0.6,92,"0.1219","0.1219","CC"
"493","GO:0030669","clathrin-coated endocytic vesicle membra...",12,1,0.13,93,"0.1239","0.1239","CC"
"494","GO:0098691","dopaminergic synapse",12,1,0.13,94,"0.1239","0.1239","CC"
"495","GO:0098981","cholinergic synapse",12,1,0.13,95,"0.1239","0.1239","CC"
"496","GO:0030688","preribosome, small subunit precursor",12,1,0.13,96,"0.1239","0.1239","CC"
"497","GO:0098945","intrinsic component of presynaptic activ...",12,1,0.13,97,"0.1239","0.1239","CC"
"498","GO:0005818","aster",12,1,0.13,98,"0.1239","0.1239","CC"
"499","GO:0044322","endoplasmic reticulum quality control co...",12,1,0.13,99,"0.1239","0.1239","CC"
"500","GO:0017053","transcription repressor complex",56,2,0.61,100,"0.1255","0.1255","CC"
"501","GO:0099060","integral component of postsynaptic speci...",58,2,0.64,101,"0.1329","0.1329","CC"
"502","GO:0000164","protein phosphatase type 1 complex",13,1,0.14,102,"0.1335","0.1335","CC"
"503","GO:0071014","post-mRNA release spliceosomal complex",13,1,0.14,103,"0.1335","0.1335","CC"
"504","GO:0005652","nuclear lamina",13,1,0.14,104,"0.1335","0.1335","CC"
"505","GO:0005639","integral component of nuclear inner memb...",13,1,0.14,105,"0.1335","0.1335","CC"
"506","GO:0031229","intrinsic component of nuclear inner mem...",13,1,0.14,106,"0.1335","0.1335","CC"
"507","GO:0000139","Golgi membrane",247,5,2.71,107,"0.1356","0.1356","CC"
"508","GO:0098590","plasma membrane region",1081,16,11.85,108,"0.1359","0.1359","CC"
"509","GO:0032991","protein-containing complex",4821,60,52.84,109,"0.5465","0.1360","CC"
"510","GO:0016328","lateral plasma membrane",59,2,0.65,110,"0.1366","0.1366","CC"
"511","GO:0098948","intrinsic component of postsynaptic spec...",60,2,0.66,111,"0.1403","0.1403","CC"
"512","GO:0016442","RISC complex",14,1,0.15,112,"0.1430","0.1430","CC"
"513","GO:0031332","RNAi effector complex",14,1,0.15,113,"0.1430","0.1430","CC"
"514","GO:0000153","cytoplasmic ubiquitin ligase complex",14,1,0.15,114,"0.1430","0.1430","CC"
"515","GO:0015629","actin cytoskeleton",469,8,5.14,115,"0.1442","0.1442","CC"
"516","GO:0099240","intrinsic component of synaptic membrane",120,3,1.32,116,"0.1449","0.1449","CC"
"517","GO:0016604","nuclear body",700,11,7.67,117,"0.1470","0.1470","CC"
"518","GO:0016607","nuclear speck",325,6,3.56,118,"0.1476","0.1476","CC"
"519","GO:0098793","presynapse",473,8,5.18,119,"0.1491","0.1491","CC"
"520","GO:0019005","SCF ubiquitin ligase complex",63,2,0.69,120,"0.1517","0.1517","CC"
"521","GO:0045178","basal part of cell",257,5,2.82,121,"0.1524","0.1524","CC"
"522","GO:0031083","BLOC-1 complex",15,1,0.16,122,"0.1524","0.1524","CC"
"523","GO:0005852","eukaryotic translation initiation factor...",15,1,0.16,123,"0.1524","0.1524","CC"
"524","GO:0071010","prespliceosome",15,1,0.16,124,"0.1524","0.1524","CC"
"525","GO:0071004","U2-type prespliceosome",15,1,0.16,125,"0.1524","0.1524","CC"
"526","GO:0035102","PRC1 complex",15,1,0.16,126,"0.1524","0.1524","CC"
"527","GO:0043220","Schmidt-Lanterman incisure",15,1,0.16,127,"0.1524","0.1524","CC"
"528","GO:0005789","endoplasmic reticulum membrane",552,9,6.05,128,"0.1532","0.1532","CC"
"529","GO:0005634","nucleus",6385,77,69.98,129,"0.3210","0.1567","CC"
"530","GO:0031526","brush border membrane",65,2,0.71,130,"0.1593","0.1593","CC"
"531","GO:0031410","cytoplasmic vesicle",1769,24,19.39,131,"0.1594","0.1594","CC"
"532","GO:0030008","TRAPP complex",16,1,0.18,132,"0.1617","0.1617","CC"
"533","GO:0033106","cis-Golgi network membrane",16,1,0.18,133,"0.1617","0.1617","CC"
"534","GO:0000930","gamma-tubulin complex",16,1,0.18,134,"0.1617","0.1617","CC"
"535","GO:0097708","intracellular vesicle",1773,24,19.43,135,"0.1621","0.1621","CC"
"536","GO:0005876","spindle microtubule",66,2,0.72,136,"0.1632","0.1632","CC"
"537","GO:0042734","presynaptic membrane",128,3,1.4,137,"0.1658","0.1658","CC"
"538","GO:0005905","clathrin-coated pit",67,2,0.73,138,"0.1671","0.1671","CC"
"539","GO:0030132","clathrin coat of coated pit",17,1,0.19,139,"0.1709","0.1709","CC"
"540","GO:0043198","dendritic shaft",68,2,0.75,140,"0.1710","0.1710","CC"
"541","GO:0042175","nuclear outer membrane-endoplasmic retic...",573,9,6.28,141,"0.1783","0.1783","CC"
"542","GO:0044305","calyx of Held",18,1,0.2,142,"0.1800","0.1800","CC"
"543","GO:0032039","integrator complex",18,1,0.2,143,"0.1800","0.1800","CC"
"544","GO:0032433","filopodium tip",18,1,0.2,144,"0.1800","0.1800","CC"
"545","GO:0031982","vesicle",1890,25,20.71,145,"0.1849","0.1849","CC"
"546","GO:0048786","presynaptic active zone",72,2,0.79,146,"0.1867","0.1867","CC"
"547","GO:0012505","endomembrane system",3617,45,39.64,147,"0.1882","0.1882","CC"
"548","GO:0045120","pronucleus",19,1,0.21,148,"0.1890","0.1890","CC"
"549","GO:0031616","spindle pole centrosome",19,1,0.21,149,"0.1890","0.1890","CC"
"550","GO:0030285","integral component of synaptic vesicle m...",19,1,0.21,150,"0.1890","0.1890","CC"
"551","GO:0005856","cytoskeleton",2070,27,22.69,151,"0.6821","0.1922","CC"
"552","GO:0016323","basolateral plasma membrane",207,4,2.27,152,"0.1925","0.1925","CC"
"553","GO:0005882","intermediate filament",74,2,0.81,153,"0.1946","0.1946","CC"
"554","GO:0005938","cell cortex",281,5,3.08,154,"0.1960","0.1960","CC"
"555","GO:0030659","cytoplasmic vesicle membrane",510,8,5.59,155,"0.1978","0.1978","CC"
"556","GO:0098588","bounding membrane of organelle",1072,15,11.75,156,"0.1978","0.1978","CC"
"557","GO:0031082","BLOC complex",20,1,0.22,157,"0.1979","0.1979","CC"
"558","GO:0033177","proton-transporting two-sector ATPase co...",20,1,0.22,158,"0.1979","0.1979","CC"
"559","GO:0043218","compact myelin",20,1,0.22,159,"0.1979","0.1979","CC"
"560","GO:0070062","extracellular exosome",75,2,0.82,160,"0.1986","0.1986","CC"
"561","GO:0031253","cell projection membrane",284,5,3.11,161,"0.2017","0.2017","CC"
"562","GO:0150034","distal axon",359,6,3.93,162,"0.2019","0.2019","CC"
"563","GO:0005697","telomerase holoenzyme complex",21,1,0.23,163,"0.2067","0.2067","CC"
"564","GO:0030992","intraciliary transport particle B",21,1,0.23,164,"0.2067","0.2067","CC"
"565","GO:0016471","vacuolar proton-transporting V-type ATPa...",21,1,0.23,165,"0.2067","0.2067","CC"
"566","GO:0043226","organelle",11286,129,123.69,166,"0.4408","0.2153","CC"
"567","GO:0005686","U2 snRNP",22,1,0.24,167,"0.2154","0.2154","CC"
"568","GO:0097470","ribbon synapse",22,1,0.24,168,"0.2154","0.2154","CC"
"569","GO:0097449","astrocyte projection",22,1,0.24,169,"0.2154","0.2154","CC"
"570","GO:0055037","recycling endosome",147,3,1.61,170,"0.2185","0.2185","CC"
"571","GO:0005813","centrosome",605,9,6.63,171,"0.2200","0.2200","CC"
"572","GO:0005622","intracellular anatomical structure",12330,140,135.13,172,"0.4092","0.2205","CC"
"573","GO:0099634","postsynaptic specialization membrane",81,2,0.89,173,"0.2227","0.2227","CC"
"574","GO:0045334","clathrin-coated endocytic vesicle",23,1,0.25,174,"0.2240","0.2240","CC"
"575","GO:0030131","clathrin adaptor complex",23,1,0.25,175,"0.2240","0.2240","CC"
"576","GO:0036452","ESCRT complex",23,1,0.25,176,"0.2240","0.2240","CC"
"577","GO:0005770","late endosome",221,4,2.42,177,"0.2244","0.2244","CC"
"578","GO:0016528","sarcoplasm",82,2,0.9,178,"0.2267","0.2267","CC"
"579","GO:0099055","integral component of postsynaptic membr...",82,2,0.9,179,"0.2267","0.2267","CC"
"580","GO:0005788","endoplasmic reticulum lumen",82,2,0.9,180,"0.2267","0.2267","CC"
"581","GO:0012506","vesicle membrane",532,8,5.83,181,"0.2295","0.2295","CC"
"582","GO:0030496","midbody",151,3,1.65,182,"0.2300","0.2300","CC"
"583","GO:1903561","extracellular vesicle",83,2,0.91,183,"0.2308","0.2308","CC"
"584","GO:0005769","early endosome",301,5,3.3,184,"0.2353","0.2353","CC"
"585","GO:0043231","intracellular membrane-bounded organelle",10117,116,110.88,185,"0.3540","0.2362","CC"
"586","GO:0031965","nuclear membrane",227,4,2.49,186,"0.2384","0.2384","CC"
"587","GO:0034705","potassium channel complex",85,2,0.93,187,"0.2389","0.2389","CC"
"588","GO:0030125","clathrin vesicle coat",25,1,0.27,188,"0.2410","0.2410","CC"
"589","GO:0030687","preribosome, large subunit precursor",25,1,0.27,189,"0.2410","0.2410","CC"
"590","GO:0097038","perinuclear endoplasmic reticulum",25,1,0.27,190,"0.2410","0.2410","CC"
"591","GO:0098563","intrinsic component of synaptic vesicle ...",25,1,0.27,191,"0.2410","0.2410","CC"
"592","GO:0034706","sodium channel complex",25,1,0.27,192,"0.2410","0.2410","CC"
"593","GO:0098936","intrinsic component of postsynaptic memb...",86,2,0.94,193,"0.2429","0.2429","CC"
"594","GO:0044291","cell-cell contact zone",87,2,0.95,194,"0.2470","0.2470","CC"
"595","GO:0016020","membrane",7028,82,77.03,195,"0.2471","0.2471","CC"
"596","GO:0033176","proton-transporting V-type ATPase comple...",26,1,0.28,196,"0.2493","0.2493","CC"
"597","GO:0048787","presynaptic active zone membrane",26,1,0.28,197,"0.2493","0.2493","CC"
"598","GO:0071782","endoplasmic reticulum tubular network",26,1,0.28,198,"0.2493","0.2493","CC"
"599","GO:0002102","podosome",26,1,0.28,199,"0.2493","0.2493","CC"
"600","GO:0043227","membrane-bounded organelle",10515,120,115.24,200,"0.3654","0.2512","CC"
